pic_id,place_id,url
1,1,https://source.unsplash.com/g-krQzQo9mI
2,1,https://source.unsplash.com/zuizaVFvWpc
3,1,https://source.unsplash.com/2c08m7lce68
4,1,https://source.unsplash.com/D--HVF4qV0k
5,1,https://source.unsplash.com/bPKBGPcl9_8
6,2,https://source.unsplash.com/O4k39YEEdvs
7,2,https://source.unsplash.com/9n6J4RE8mg4
8,2,https://source.unsplash.com/u1i2ScWWN2k
9,2,https://source.unsplash.com/IFxEcQyNMOk
10,2,https://source.unsplash.com/hivxR4AKiqI
11,3,https://source.unsplash.com/Gli6q7IUZKM
12,3,https://source.unsplash.com/S5x5rrsDixk
13,3,https://source.unsplash.com/Th2MisvdKr0
14,3,https://source.unsplash.com/_Tv4btpdbGw
15,3,https://source.unsplash.com/NgXUoFkxQyQ
16,4,https://source.unsplash.com/iPOZf3tQfHA
17,4,https://source.unsplash.com/HF-lFqdOMF8
18,4,https://source.unsplash.com/k49T4-ownJ0
19,4,https://source.unsplash.com/Y_aNcALhqZw
20,4,https://source.unsplash.com/P6NhhvGIL9k
21,5,https://source.unsplash.com/6rhCYWaKe-0
22,5,https://source.unsplash.com/__EeLCGc_po
23,5,https://source.unsplash.com/7dMti1xxklc
24,5,https://source.unsplash.com/zDlusnb3G3Q
25,5,https://source.unsplash.com/Cj4CWKQllOM
26,6,https://source.unsplash.com/l8ypMiU1Hio
27,6,https://source.unsplash.com/fwn08oKXvIQ
28,6,https://source.unsplash.com/UExx0KnnkjY
29,6,https://source.unsplash.com/i1i40Cv7jb4
30,6,https://source.unsplash.com/YQhhlCS9Hto
31,7,https://source.unsplash.com/fWn5B2aKjYA
32,7,https://source.unsplash.com/dLP-gsiVrq4
33,7,https://source.unsplash.com/W52Rno-pUtI
34,7,https://source.unsplash.com/LxqlBRpTBvc
35,7,https://source.unsplash.com/dwZi4Vp9g7s
36,8,https://source.unsplash.com/Py4C18CgBpU
37,8,https://source.unsplash.com/KYQW_MrUHSo
38,9,https://source.unsplash.com/iWMfiInivp4
39,9,https://source.unsplash.com/eU4pipU_8HA
40,10,https://source.unsplash.com/BtYpDZNIeFc
41,10,https://source.unsplash.com/VddWWTaTnpQ
42,10,https://source.unsplash.com/kNbq1SHfLd8
43,10,https://source.unsplash.com/xLn90ViSeoE
44,10,https://source.unsplash.com/zdk65luJOTI
45,11,https://source.unsplash.com/boyXZfqpwpU
46,11,https://source.unsplash.com/hz4tKDvQHoo
47,11,https://source.unsplash.com/R9oCkCUcvBo
48,11,https://source.unsplash.com/ONVA6s03hg8
49,11,https://source.unsplash.com/TBNbpd6Xs_4
50,12,https://source.unsplash.com/54ETr06aYSk
51,12,https://source.unsplash.com/oJT_7v1uXkE
52,12,https://source.unsplash.com/7HralhQan4s
53,12,https://source.unsplash.com/Gcc3c6MfSM0
54,13,https://source.unsplash.com/MdTtpxGlrz8
55,13,https://source.unsplash.com/kYxgm42SQso
56,13,https://source.unsplash.com/c2KjE8fLzHM
57,13,https://source.unsplash.com/5wV92BLa85g
58,13,https://source.unsplash.com/UDbQrk12Vv4
59,14,https://source.unsplash.com/5mcnzeSHFvE
60,14,https://source.unsplash.com/ftTsK4QinMw
61,14,https://source.unsplash.com/mCuJ1eJAPog
62,14,https://source.unsplash.com/3B5SZ06YFn8
63,14,https://source.unsplash.com/Z8pfsZ5L1N4
64,15,https://source.unsplash.com/oH8G8cn52o8
65,15,https://source.unsplash.com/EvPGZsbOYTc
66,15,https://source.unsplash.com/k0FDwN84myw
67,15,https://source.unsplash.com/-ZEisa0stzI
68,15,https://source.unsplash.com/d7_TtRp1s9s
69,16,https://source.unsplash.com/y2ZVaAH8xxM
70,16,https://source.unsplash.com/Tvo1NEmfYB0
71,16,https://source.unsplash.com/l7OSismNsyM
72,16,https://source.unsplash.com/tlU1GCDZ7Po
73,17,https://source.unsplash.com/epKFSKVvbIM
74,17,https://source.unsplash.com/VCM99u6HltA
75,17,https://source.unsplash.com/VkYbDqseTy4
76,17,https://source.unsplash.com/gd3ysFyrsTQ
77,17,https://source.unsplash.com/f6hlrIboDUY
78,18,https://source.unsplash.com/__cBlRzLSTg
79,18,https://source.unsplash.com/EjvaknMYDDs
80,18,https://source.unsplash.com/Gf_KqXHU-PY
81,18,https://source.unsplash.com/OZ2rS2zCjNo
82,18,https://source.unsplash.com/wZ6-Dk024ek
83,19,https://source.unsplash.com/GviEypkuHVA
84,19,https://source.unsplash.com/ttFDJvw6CY8
85,19,https://source.unsplash.com/dhbcpyJo4m8
86,20,https://source.unsplash.com/qiH16d5SRxg
87,20,https://source.unsplash.com/nsP9T6iBCwI
88,20,https://source.unsplash.com/fwi8RCxfmY4
89,20,https://source.unsplash.com/d0xjEv-WJQk
90,20,https://source.unsplash.com/s2q1_cxLHSE
91,21,https://source.unsplash.com/-u4Ae-43ifA
92,21,https://source.unsplash.com/QIUR-K3YgDk
93,21,https://source.unsplash.com/vxYTYJ5vYrg
94,21,https://source.unsplash.com/M1Pjq6RPDFU
95,22,https://source.unsplash.com/q9rSwpv5mFk
96,22,https://source.unsplash.com/Zj0dXKoLHnc
97,22,https://source.unsplash.com/LoGWCnEVDgU
98,22,https://source.unsplash.com/VvfzgOYqaws
99,23,https://source.unsplash.com/lqHCzmFCIvo
100,23,https://source.unsplash.com/knbve9xxH4U
101,23,https://source.unsplash.com/qnWyYwxCz4s
102,23,https://source.unsplash.com/I5zb8Tw-Avc
103,23,https://source.unsplash.com/RLQHhD-wqTs
104,24,https://source.unsplash.com/5gWY4Tb3im4
105,24,https://source.unsplash.com/dYUCfOdViAk
106,24,https://source.unsplash.com/ZaivbDy17_k
107,24,https://source.unsplash.com/JIsicec9eA0
108,25,https://source.unsplash.com/cWHAW_tjk7Q
109,25,https://source.unsplash.com/4fPEOolL1iw
110,25,https://source.unsplash.com/0L1NA9DMdrw
111,26,https://source.unsplash.com/-1EKogAcUNc
112,26,https://source.unsplash.com/-K_f23_09No
113,26,https://source.unsplash.com/ZWQ0bqYNXFA
114,27,https://source.unsplash.com/UC1HP-zhEmU
115,27,https://source.unsplash.com/iXkVUl6A0aQ
116,28,https://source.unsplash.com/z5ficbI0QV0
117,28,https://source.unsplash.com/ZQhRRoMnfWs
118,28,https://source.unsplash.com/81K1cTbeH2g
119,29,https://source.unsplash.com/Ki4KrNhQMro
120,29,https://source.unsplash.com/EdQjAvdHrAM
121,29,https://source.unsplash.com/kOM7T6PiZ64
122,29,https://source.unsplash.com/IilYfjhavow
123,30,https://source.unsplash.com/SjCHKiGVWH4
124,30,https://source.unsplash.com/LFRUK7mslpk
125,30,https://source.unsplash.com/4JzS4mlUpfE
126,30,https://source.unsplash.com/OH6PkGB4JCU